ID,Topic,Description,Importance Score
1,AI,This is a detailed explanation of Neural Network and its applications in real world systems.,2
2,Computer Vision,This is a detailed explanation of DL and its applications in real world systems.,7
3,DL,This is a detailed explanation of DL and its applications in real world systems.,2
4,DL,This is a detailed explanation of RAG and its applications in real world systems.,7
5,AI,This is a detailed explanation of Computer Vision and its applications in real world systems.,10
6,Transformer,This is a detailed explanation of AI and its applications in real world systems.,4
7,ML,This is a detailed explanation of LLM and its applications in real world systems.,1
8,Transformer,This is a detailed explanation of Computer Vision and its applications in real world systems.,3
9,Computer Vision,This is a detailed explanation of AI and its applications in real world systems.,1
10,DL,This is a detailed explanation of Computer Vision and its applications in real world systems.,2
11,NLP,This is a detailed explanation of ML and its applications in real world systems.,1
12,RAG,This is a detailed explanation of LLM and its applications in real world systems.,8
13,NLP,This is a detailed explanation of Embeddings and its applications in real world systems.,1
14,NLP,This is a detailed explanation of Computer Vision and its applications in real world systems.,4
15,ML,This is a detailed explanation of AI and its applications in real world systems.,1
16,LLM,This is a detailed explanation of Neural Network and its applications in real world systems.,3
17,NLP,This is a detailed explanation of AI and its applications in real world systems.,5
18,NLP,This is a detailed explanation of AI and its applications in real world systems.,10
19,NLP,This is a detailed explanation of NLP and its applications in real world systems.,10
20,Computer Vision,This is a detailed explanation of Neural Network and its applications in real world systems.,9
21,Embeddings,This is a detailed explanation of Neural Network and its applications in real world systems.,7
22,Embeddings,This is a detailed explanation of Computer Vision and its applications in real world systems.,1
23,ML,This is a detailed explanation of AI and its applications in real world systems.,3
24,Embeddings,This is a detailed explanation of AI and its applications in real world systems.,5
25,Neural Network,This is a detailed explanation of AI and its applications in real world systems.,2
26,Computer Vision,This is a detailed explanation of Transformer and its applications in real world systems.,10
27,DL,This is a detailed explanation of Computer Vision and its applications in real world systems.,1
28,AI,This is a detailed explanation of NLP and its applications in real world systems.,10
29,RAG,This is a detailed explanation of ML and its applications in real world systems.,4
30,Embeddings,This is a detailed explanation of NLP and its applications in real world systems.,4
31,AI,This is a detailed explanation of Neural Network and its applications in real world systems.,7
32,ML,This is a detailed explanation of RAG and its applications in real world systems.,9
33,NLP,This is a detailed explanation of NLP and its applications in real world systems.,1
34,LLM,This is a detailed explanation of Neural Network and its applications in real world systems.,7
35,NLP,This is a detailed explanation of LLM and its applications in real world systems.,7
36,LLM,This is a detailed explanation of Embeddings and its applications in real world systems.,7
37,DL,This is a detailed explanation of Embeddings and its applications in real world systems.,7
38,Computer Vision,This is a detailed explanation of RAG and its applications in real world systems.,2
39,Embeddings,This is a detailed explanation of Computer Vision and its applications in real world systems.,3
40,ML,This is a detailed explanation of Transformer and its applications in real world systems.,1
41,NLP,This is a detailed explanation of Transformer and its applications in real world systems.,1
42,Embeddings,This is a detailed explanation of LLM and its applications in real world systems.,2
43,Embeddings,This is a detailed explanation of ML and its applications in real world systems.,10
44,DL,This is a detailed explanation of RAG and its applications in real world systems.,4
45,Computer Vision,This is a detailed explanation of DL and its applications in real world systems.,3
46,DL,This is a detailed explanation of NLP and its applications in real world systems.,6
47,LLM,This is a detailed explanation of Transformer and its applications in real world systems.,1
48,ML,This is a detailed explanation of NLP and its applications in real world systems.,9
49,LLM,This is a detailed explanation of LLM and its applications in real world systems.,7
50,Embeddings,This is a detailed explanation of Computer Vision and its applications in real world systems.,5
51,Transformer,This is a detailed explanation of Neural Network and its applications in real world systems.,7
52,Neural Network,This is a detailed explanation of LLM and its applications in real world systems.,10
53,Neural Network,This is a detailed explanation of AI and its applications in real world systems.,9
54,RAG,This is a detailed explanation of AI and its applications in real world systems.,7
55,NLP,This is a detailed explanation of NLP and its applications in real world systems.,1
56,AI,This is a detailed explanation of ML and its applications in real world systems.,2
57,RAG,This is a detailed explanation of AI and its applications in real world systems.,3
58,LLM,This is a detailed explanation of LLM and its applications in real world systems.,7
59,ML,This is a detailed explanation of LLM and its applications in real world systems.,6
60,RAG,This is a detailed explanation of RAG and its applications in real world systems.,10
61,AI,This is a detailed explanation of ML and its applications in real world systems.,6
62,Computer Vision,This is a detailed explanation of DL and its applications in real world systems.,7
63,Neural Network,This is a detailed explanation of AI and its applications in real world systems.,8
64,RAG,This is a detailed explanation of LLM and its applications in real world systems.,1
65,LLM,This is a detailed explanation of LLM and its applications in real world systems.,8
66,LLM,This is a detailed explanation of Transformer and its applications in real world systems.,10
67,Neural Network,This is a detailed explanation of Computer Vision and its applications in real world systems.,6
68,RAG,This is a detailed explanation of RAG and its applications in real world systems.,6
69,Computer Vision,This is a detailed explanation of DL and its applications in real world systems.,8
70,Neural Network,This is a detailed explanation of NLP and its applications in real world systems.,5
71,Embeddings,This is a detailed explanation of NLP and its applications in real world systems.,2
72,Computer Vision,This is a detailed explanation of Transformer and its applications in real world systems.,9
73,Embeddings,This is a detailed explanation of ML and its applications in real world systems.,1
74,NLP,This is a detailed explanation of Computer Vision and its applications in real world systems.,7
75,Neural Network,This is a detailed explanation of RAG and its applications in real world systems.,2
76,RAG,This is a detailed explanation of DL and its applications in real world systems.,6
77,NLP,This is a detailed explanation of ML and its applications in real world systems.,7
78,DL,This is a detailed explanation of DL and its applications in real world systems.,2
79,Neural Network,This is a detailed explanation of Embeddings and its applications in real world systems.,2
80,Transformer,This is a detailed explanation of AI and its applications in real world systems.,10
81,RAG,This is a detailed explanation of Computer Vision and its applications in real world systems.,8
82,ML,This is a detailed explanation of AI and its applications in real world systems.,9
83,RAG,This is a detailed explanation of Transformer and its applications in real world systems.,8
84,RAG,This is a detailed explanation of Computer Vision and its applications in real world systems.,9
85,Transformer,This is a detailed explanation of ML and its applications in real world systems.,1
86,Embeddings,This is a detailed explanation of Computer Vision and its applications in real world systems.,4
87,AI,This is a detailed explanation of Computer Vision and its applications in real world systems.,5
88,Neural Network,This is a detailed explanation of Neural Network and its applications in real world systems.,3
89,DL,This is a detailed explanation of RAG and its applications in real world systems.,2
90,AI,This is a detailed explanation of Embeddings and its applications in real world systems.,7
91,Embeddings,This is a detailed explanation of AI and its applications in real world systems.,8
92,ML,This is a detailed explanation of Computer Vision and its applications in real world systems.,5
93,Transformer,This is a detailed explanation of Transformer and its applications in real world systems.,6
94,Embeddings,This is a detailed explanation of Computer Vision and its applications in real world systems.,4
95,LLM,This is a detailed explanation of Embeddings and its applications in real world systems.,5
96,AI,This is a detailed explanation of Neural Network and its applications in real world systems.,1
97,Embeddings,This is a detailed explanation of Transformer and its applications in real world systems.,4
98,Embeddings,This is a detailed explanation of RAG and its applications in real world systems.,7
99,AI,This is a detailed explanation of NLP and its applications in real world systems.,8
100,Transformer,This is a detailed explanation of ML and its applications in real world systems.,2
